Date,Open,High,Low,Close,Adj Close,Volume,ticker
2017-03-01,2380.13,2400.98,2322.25,2362.72,2362.72,81547770000.0,^GSPC
2017-04-01,2362.34,2398.16,2328.95,2384.2,2384.2,65265670000.0,^GSPC
2017-05-01,2388.5,2418.71,2352.72,2411.8,2411.8,79607170000.0,^GSPC
2017-06-01,2415.65,2453.82,2405.7,2423.41,2423.41,81002490000.0,^GSPC
2017-07-01,2431.39,2484.04,2407.7,2470.3,2470.3,63169400000.0,^GSPC
2017-08-01,2477.1,2490.87,2417.35,2471.65,2471.65,70616030000.0,^GSPC
2017-09-01,2474.42,2519.44,2446.55,2519.36,2519.36,66337980000.0,^GSPC
2017-10-01,2521.2,2582.98,2520.4,2575.26,2575.26,70871570000.0,^GSPC
2017-11-01,2583.21,2657.74,2557.45,2647.58,2647.58,73173260000.0,^GSPC
2017-12-01,2645.1,2694.97,2605.52,2673.61,2673.61,65251190000.0,^GSPC
2018-01-01,2683.73,2872.87,2682.36,2823.81,2823.81,76860120000.0,^GSPC
2018-02-01,2816.45,2835.96,2532.69,2713.83,2713.83,79579410000.0,^GSPC
2018-03-01,2715.22,2801.9,2585.89,2640.87,2640.87,76369800000.0,^GSPC
2018-04-01,2633.45,2717.49,2553.8,2648.05,2648.05,69648590000.0,^GSPC
2018-05-01,2642.96,2742.24,2594.62,2705.27,2705.27,75617280000.0,^GSPC
2018-06-01,2718.7,2791.47,2691.99,2718.37,2718.37,77439710000.0,^GSPC
2018-07-01,2704.95,2848.03,2698.95,2816.29,2816.29,64542170000.0,^GSPC
2018-08-01,2821.17,2916.5,2796.34,2901.52,2901.52,69238220000.0,^GSPC
2018-09-01,2896.96,2940.91,2864.12,2913.98,2913.98,62492080000.0,^GSPC
2018-10-01,2926.29,2939.86,2603.54,2711.74,2711.74,91327930000.0,^GSPC
2018-11-01,2717.58,2815.15,2631.09,2760.17,2760.17,80080110000.0,^GSPC
2018-12-01,2790.5,2800.18,2346.58,2506.85,2506.85,83522570000.0,^GSPC
2019-01-01,2476.96,2708.95,2443.96,2704.1,2704.1,80401630000.0,^GSPC
2019-02-01,2702.32,2813.49,2681.83,2784.49,2784.49,70183430000.0,^GSPC
2019-03-01,2798.22,2860.31,2722.27,2834.4,2834.4,78596280000.0,^GSPC
2019-04-01,2848.63,2949.52,2848.63,2945.83,2945.83,69604840000.0,^GSPC
2019-05-01,2952.33,2954.13,2750.52,2752.06,2752.06,76860120000.0,^GSPC
2019-06-01,2751.53,2964.15,2728.81,2941.76,2941.76,70904280000.0,^GSPC
2019-07-01,2971.41,3027.98,2952.22,2980.38,2980.38,70349470000.0,^GSPC
2019-08-01,2980.32,3013.59,2822.12,2926.46,2926.46,79599440000.0,^GSPC
2019-09-01,2909.01,3021.99,2891.85,2976.74,2976.74,73992330000.0,^GSPC
2019-10-01,2983.69,3050.1,2855.94,3037.56,3037.56,77564550000.0,^GSPC
2019-11-01,3050.72,3154.26,3050.72,3140.98,3140.98,72179920000.0,^GSPC
2019-12-01,3143.85,3247.93,3070.33,3230.78,3230.78,72054000000.0,^GSPC
2020-01-01,3244.67,3337.77,3214.64,3225.52,3225.52,77104420000.0,^GSPC
2020-02-01,3235.66,3393.52,2855.84,2954.22,2954.22,84292270000.0,^GSPC
2020-03-01,2974.28,3136.72,2191.86,2584.59,2584.59,161801100000.0,^GSPC
2020-04-01,2498.08,2954.86,2447.49,2912.43,2912.43,123163450000.0,^GSPC
2020-05-01,2869.09,3068.67,2766.64,3044.31,3044.31,106799100000.0,^GSPC
2020-06-01,3038.78,3233.13,2965.66,3100.29,3100.29,131044000000.0,^GSPC
2020-07-01,3105.92,3279.99,3101.17,3271.12,3271.12,97197020000.0,^GSPC
2020-08-01,3288.26,3514.77,3284.53,3500.31,3500.31,84402300000.0,^GSPC
2020-09-01,3507.44,3588.11,3209.45,3363.0,3363.0,92084120000.0,^GSPC
2020-10-01,3385.87,3549.85,3233.94,3269.96,3269.96,89737600000.0,^GSPC
2020-11-01,3296.2,3645.99,3279.74,3621.63,3621.63,100977880000.0,^GSPC
2020-12-01,3645.87,3760.2,3633.4,3756.07,3756.07,96056410000.0,^GSPC
2021-01-01,3764.61,3870.9,3662.71,3714.24,3714.24,105548790000.0,^GSPC
2021-02-01,3731.17,3950.43,3725.62,3811.15,3811.15,98596960000.0,^GSPC
2021-03-01,3842.51,3994.41,3723.34,3972.89,3972.89,120863560000.0,^GSPC
2021-04-01,3992.78,4218.78,3992.78,4181.17,4181.17,82869290000.0,^GSPC
2021-05-01,4191.98,4238.04,4056.88,4204.11,4204.11,75155370000.0,^GSPC
2021-06-01,4216.52,4302.43,4164.4,4297.5,4297.5,85705180000.0,^GSPC
2021-07-01,4300.73,4429.97,4233.13,4395.26,4395.26,66496430000.0,^GSPC
2021-08-01,4406.86,4537.36,4367.73,4522.68,4522.68,63217960000.0,^GSPC
2021-09-01,4528.8,4545.85,4305.91,4307.54,4307.54,66268850000.0,^GSPC
2021-10-01,4317.16,4608.08,4278.94,4605.38,4605.38,61874700000.0,^GSPC
2021-11-01,4610.62,4743.83,4560.0,4567.0,4567.0,67520800000.0,^GSPC
2021-12-01,4602.82,4808.93,4495.12,4766.18,4766.18,68699830000.0,^GSPC
2022-01-01,4778.14,4818.62,4222.62,4515.55,4515.55,73279440000.0,^GSPC
2022-02-01,4519.57,4595.31,4114.65,4384.65,4384.65,68573780000.0,^GSPC
2022-02-28,4354.17,4388.84,4315.12,4373.94,4373.94,3219433000.0,^GSPC
2017-03-01,34.47,36.12,34.26,35.92,33.91,2246513600.0,AAPL
2017-04-01,35.93,36.37,35.01,35.91,33.91,1493216400.0,AAPL
2017-05-01,36.28,39.16,36.07,38.19,36.06,2615927200.0,AAPL
2017-05-11,,,,,,,AAPL
2017-06-01,38.29,38.99,35.55,36.01,34.13,2736712400.0,AAPL
2017-07-01,36.22,38.5,35.6,37.18,35.25,1688047600.0,AAPL
2017-08-01,37.28,41.13,37.1,41.0,38.87,2644276000.0,AAPL
2017-08-10,,,,,,,AAPL
2017-09-01,41.2,41.24,37.29,38.53,36.67,2721496400.0,AAPL
2017-10-01,38.56,42.41,38.12,42.26,40.22,2017165200.0,AAPL
2017-11-01,42.47,44.06,41.32,42.96,40.89,2402653600.0,AAPL
2017-11-10,,,,,,,AAPL
2017-12-01,42.49,44.3,41.62,42.31,40.41,2124735200.0,AAPL
2018-01-01,42.54,45.03,41.17,41.86,39.98,2638717600.0,AAPL
2018-02-01,41.79,45.15,37.56,44.53,42.54,3711577200.0,AAPL
2018-02-09,,,,,,,AAPL
2018-03-01,44.63,45.88,41.24,41.94,40.23,2854910800.0,AAPL
2018-04-01,41.66,44.74,40.16,41.31,39.63,2664617200.0,AAPL
2018-05-01,41.6,47.59,41.32,46.72,44.81,2483905200.0,AAPL
2018-05-11,,,,,,,AAPL
2018-06-01,47.0,48.55,45.18,46.28,44.56,2110498000.0,AAPL
2018-07-01,45.96,48.99,45.85,47.57,45.8,1574765600.0,AAPL
2018-08-01,49.78,57.22,49.33,56.91,54.79,2801275600.0,AAPL
2018-08-10,,,,,,,AAPL
2018-09-01,57.1,57.42,53.83,56.44,54.53,2715888000.0,AAPL
2018-10-01,56.99,58.37,51.52,54.72,52.86,3158994000.0,AAPL
2018-11-01,54.76,55.59,42.56,44.65,43.13,3845305600.0,AAPL
2018-11-08,,,,,,,AAPL
2018-12-01,46.12,46.24,36.65,39.44,38.23,3595690000.0,AAPL
2019-01-01,38.72,42.25,35.5,41.61,40.34,3312349600.0,AAPL
2019-02-01,41.74,43.97,41.48,43.29,41.97,1890162400.0,AAPL
2019-02-08,,,,,,,AAPL
2019-03-01,43.57,49.42,42.38,47.49,46.24,2603925600.0,AAPL
2019-04-01,47.91,52.12,47.1,50.17,48.85,2024470800.0,AAPL
2019-05-01,52.47,53.83,43.75,43.77,42.62,2957826400.0,AAPL
2019-05-10,,,,,,,AAPL
2019-06-01,43.9,50.39,42.57,49.48,48.36,2060874800.0,AAPL
2019-07-01,50.79,55.34,49.6,53.26,52.06,1895406800.0,AAPL
2019-08-01,53.47,54.51,48.15,52.19,51.01,2724326400.0,AAPL
2019-08-09,,,,,,,AAPL
2019-09-01,51.61,56.6,51.06,55.99,54.94,2170268400.0,AAPL
2019-10-01,56.27,62.44,53.78,62.19,61.02,2433210800.0,AAPL
2019-11-01,62.38,67.0,62.29,66.81,65.55,1793326000.0,AAPL
2019-11-07,,,,,,,AAPL
2019-12-01,66.82,73.49,64.07,73.41,72.25,2388794800.0,AAPL
2020-01-01,74.06,81.96,73.19,77.38,76.15,2934370400.0,AAPL
2020-02-01,76.07,81.81,64.09,68.34,67.25,3019279200.0,AAPL
2020-02-07,,,,,,,AAPL
2020-03-01,70.57,76.0,53.15,63.57,62.71,6280072400.0,AAPL
2020-04-01,61.62,73.63,59.22,73.45,72.45,3265299200.0,AAPL
2020-05-01,71.56,81.06,71.46,79.49,78.41,2805936000.0,AAPL
2020-05-08,,,,,,,AAPL
2020-06-01,79.44,93.1,79.3,91.2,90.21,3243375600.0,AAPL
2020-07-01,91.28,106.42,89.14,106.26,105.1,3020283200.0,AAPL
2020-08-01,108.2,131.0,107.89,129.04,127.64,4070061100.0,AAPL
2020-08-07,,,,,,,AAPL
2020-08-31,,,,,,,AAPL
2020-09-01,132.76,137.98,103.1,115.81,114.76,3885245100.0,AAPL
2020-10-01,117.64,125.39,107.72,108.86,107.87,2894666500.0,AAPL
2020-11-01,109.11,121.99,107.32,119.05,117.97,2123077300.0,AAPL
2020-11-06,,,,,,,AAPL
2020-12-01,121.01,138.79,120.01,132.69,131.71,2322189600.0,AAPL
2021-01-01,133.52,145.09,126.38,131.96,130.98,2240262000.0,AAPL
2021-02-01,133.75,137.88,118.39,121.26,120.36,1833855600.0,AAPL
2021-02-05,,,,,,,AAPL
2021-03-01,123.75,128.72,116.21,122.15,121.43,2650418200.0,AAPL
2021-04-01,123.66,137.07,122.49,131.46,130.68,1889857500.0,AAPL
2021-05-01,132.04,134.07,122.25,124.61,123.87,1711934900.0,AAPL
2021-05-07,,,,,,,AAPL
2021-06-01,125.08,137.41,123.13,136.96,136.38,1606590000.0,AAPL
2021-07-01,136.6,150.0,135.76,145.86,145.24,1918976500.0,AAPL
2021-08-01,146.36,153.49,144.5,151.83,151.19,1460744100.0,AAPL
2021-08-06,,,,,,,AAPL
2021-09-01,152.83,157.26,141.27,141.5,141.11,1797465800.0,AAPL
2021-10-01,141.9,153.17,138.27,149.8,149.39,1564866800.0,AAPL
2021-11-01,148.99,165.7,147.48,165.3,164.85,1690808300.0,AAPL
2021-11-05,,,,,,,AAPL
2021-12-01,167.48,182.13,157.8,177.57,177.34,2444507300.0,AAPL
2022-01-01,177.83,182.94,154.7,174.78,174.56,2108231200.0,AAPL
2022-02-01,174.01,176.65,152.0,164.85,164.64,1533788900.0,AAPL
2022-02-04,,,,,,,AAPL
2022-02-28,163.06,165.42,162.43,165.12,165.12,95056629.0,AAPL
2017-03-01,64.13,66.19,63.62,65.86,61.48,489169700.0,MSFT
2017-04-01,65.81,69.14,64.85,68.46,63.91,433191200.0,MSFT
2017-05-01,68.68,70.74,67.14,69.84,65.19,517218500.0,MSFT
2017-05-16,,,,,,,MSFT
2017-06-01,70.24,72.89,68.09,68.93,64.71,629716800.0,MSFT
2017-07-01,69.33,74.42,68.02,72.7,68.25,469851200.0,MSFT
2017-08-01,73.1,74.96,71.28,74.77,70.2,444070500.0,MSFT
2017-08-15,,,,,,,MSFT
2017-09-01,74.71,75.97,72.92,74.49,70.31,375983900.0,MSFT
2017-10-01,74.71,86.2,73.71,83.18,78.51,449950000.0,MSFT
2017-11-01,83.68,85.06,82.24,84.17,79.44,421926000.0,MSFT
2017-11-15,,,,,,,MSFT
2017-12-01,83.6,87.5,80.7,85.54,81.14,466203300.0,MSFT
2018-01-01,86.13,95.45,85.5,95.01,90.12,574258400.0,MSFT
2018-02-01,94.79,96.07,83.83,93.77,88.95,725663300.0,MSFT
2018-02-14,,,,,,,MSFT
2018-03-01,93.99,97.24,87.08,91.27,86.98,750754800.0,MSFT
2018-04-01,90.47,97.9,87.51,93.52,89.13,668130700.0,MSFT
2018-05-01,93.21,99.99,92.45,98.84,94.2,509417900.0,MSFT
2018-05-16,,,,,,,MSFT
2018-06-01,99.28,102.69,97.26,98.61,94.39,602585200.0,MSFT
2018-07-01,98.1,111.15,98.0,106.08,101.54,569352300.0,MSFT
2018-08-01,106.03,112.78,104.84,112.33,107.52,456628100.0,MSFT
2018-08-15,,,,,,,MSFT
2018-09-01,110.85,115.29,107.23,114.37,109.89,480255500.0,MSFT
2018-10-01,114.75,116.18,100.11,106.81,102.63,927548000.0,MSFT
2018-11-01,107.05,112.24,99.35,110.89,106.55,720228600.0,MSFT
2018-11-14,,,,,,,MSFT
2018-12-01,113.0,113.42,93.96,101.57,98.01,944314600.0,MSFT
2019-01-01,99.55,107.9,97.2,104.43,100.77,714212800.0,MSFT
2019-02-01,103.78,113.24,102.35,112.03,108.11,469095900.0,MSFT
2019-02-20,,,,,,,MSFT
2019-03-01,112.89,120.82,108.8,117.94,114.3,589095800.0,MSFT
2019-04-01,118.95,131.37,118.1,130.6,126.57,433157700.0,MSFT
2019-05-01,130.53,130.65,123.04,123.68,119.86,547218800.0,MSFT
2019-05-15,,,,,,,MSFT
2019-06-01,123.85,138.4,119.01,133.96,130.3,508324300.0,MSFT
2019-07-01,136.63,141.68,134.67,136.27,132.55,484079900.0,MSFT
2019-08-01,137.0,140.94,130.78,137.86,134.1,584482000.0,MSFT
2019-08-14,,,,,,,MSFT
2019-09-01,136.61,142.37,134.51,139.03,135.69,472544800.0,MSFT
2019-10-01,139.66,145.67,133.22,143.37,139.92,549523400.0,MSFT
2019-11-01,144.26,152.5,142.97,151.38,147.74,392371800.0,MSFT
2019-11-20,,,,,,,MSFT
2019-12-01,151.81,159.55,146.65,157.7,154.43,450303300.0,MSFT
2020-01-01,158.78,174.05,156.51,170.23,166.7,558530000.0,MSFT
2020-02-01,170.43,190.7,152.0,162.01,158.65,887522300.0,MSFT
2020-02-19,,,,,,,MSFT
2020-03-01,165.31,175.0,132.52,157.71,154.86,1612695500.0,MSFT
2020-04-01,153.0,180.4,150.36,179.21,175.97,984705000.0,MSFT
2020-05-01,175.8,187.51,173.8,183.25,179.94,688845000.0,MSFT
2020-05-20,,,,,,,MSFT
2020-06-01,182.54,204.4,181.35,203.51,200.39,764965400.0,MSFT
2020-07-01,203.14,216.38,197.51,205.01,201.87,770190800.0,MSFT
2020-08-01,211.52,231.15,203.14,225.53,222.07,692423900.0,MSFT
2020-08-19,,,,,,,MSFT
2020-09-01,225.51,232.86,196.25,210.33,207.61,768176300.0,MSFT
2020-10-01,213.49,225.21,199.62,202.47,199.85,631618000.0,MSFT
2020-11-01,204.29,228.12,200.12,214.07,211.3,573443000.0,MSFT
2020-11-18,,,,,,,MSFT
2020-12-01,214.51,227.18,209.11,222.42,220.12,594761700.0,MSFT
2021-01-01,222.53,242.64,211.94,231.96,229.56,648076400.0,MSFT
2021-02-01,235.06,246.13,227.88,232.38,229.97,490962200.0,MSFT
2021-02-17,,,,,,,MSFT
2021-03-01,235.9,241.05,224.26,235.77,233.87,724945800.0,MSFT
2021-04-01,238.47,263.19,238.05,252.18,250.14,568661600.0,MSFT
2021-05-01,253.4,254.35,238.07,249.68,247.66,495084900.0,MSFT
2021-05-19,,,,,,,MSFT
2021-06-01,251.23,271.65,243.0,270.9,269.33,508572200.0,MSFT
2021-07-01,269.61,290.15,269.6,284.91,283.26,522668800.0,MSFT
2021-08-01,286.36,305.84,283.74,301.88,300.13,441257000.0,MSFT
2021-08-18,,,,,,,MSFT
2021-09-01,302.87,305.32,281.62,281.92,280.82,502886900.0,MSFT
2021-10-01,282.12,332.0,280.25,331.62,330.33,516479200.0,MSFT
2021-11-01,331.36,349.67,326.37,330.59,329.31,509870100.0,MSFT
2021-11-17,,,,,,,MSFT
2021-12-01,335.13,344.3,317.25,336.32,335.63,625633000.0,MSFT
2022-01-01,335.35,338.0,276.05,310.98,310.34,947462500.0,MSFT
2022-02-01,310.41,315.12,271.52,297.31,296.7,662626900.0,MSFT
2022-02-16,,,,,,,MSFT
2022-02-28,294.31,299.14,293.0,298.79,298.79,34577920.0,MSFT
2017-03-01,853.05,890.35,833.5,886.54,886.54,60710700.0,AMZN
2017-04-01,888.0,949.59,884.49,924.99,924.99,73539700.0,AMZN
2017-05-01,927.8,1001.2,927.8,994.62,994.62,76202000.0,AMZN
2017-06-01,998.59,1017.0,927.0,968.0,968.0,96135400.0,AMZN
2017-07-01,972.79,1083.31,951.0,987.78,987.78,78812400.0,AMZN
2017-08-01,996.11,1006.4,936.33,980.6,980.6,77391800.0,AMZN
2017-09-01,984.2,1000.0,931.75,961.35,961.35,59291800.0,AMZN
2017-10-01,964.0,1122.79,950.37,1105.28,1105.28,83334100.0,AMZN
2017-11-01,1105.4,1213.41,1086.87,1176.75,1176.75,77165000.0,AMZN
2017-12-01,1172.05,1194.78,1124.74,1169.47,1169.47,57760200.0,AMZN
2018-01-01,1172.0,1472.58,1170.51,1450.89,1450.89,96371200.0,AMZN
2018-02-01,1445.0,1528.7,1265.93,1512.45,1512.45,137784000.0,AMZN
2018-03-01,1513.6,1617.54,1365.2,1447.34,1447.34,130400100.0,AMZN
2018-04-01,1417.62,1638.1,1352.88,1566.13,1566.13,129919600.0,AMZN
2018-05-01,1563.22,1635.0,1546.02,1629.62,1629.62,71615500.0,AMZN
2018-06-01,1637.03,1763.1,1635.09,1699.8,1699.8,85941300.0,AMZN
2018-07-01,1682.7,1880.05,1678.06,1777.44,1777.44,97521100.0,AMZN
2018-08-01,1784.0,2025.57,1776.02,2012.71,2012.71,96575800.0,AMZN
2018-09-01,2026.5,2050.5,1865.0,2003.0,2003.0,94445500.0,AMZN
2018-10-01,2021.99,2033.19,1476.36,1598.01,1598.01,183220800.0,AMZN
2018-11-01,1623.53,1784.0,1420.0,1690.17,1690.17,139290000.0,AMZN
2018-12-01,1769.46,1778.34,1307.0,1501.97,1501.97,154812700.0,AMZN
2019-01-01,1465.2,1736.41,1460.93,1718.73,1718.73,134001700.0,AMZN
2019-02-01,1638.88,1673.06,1566.76,1639.83,1639.83,80936900.0,AMZN
2019-03-01,1655.13,1823.75,1586.57,1780.75,1780.75,100832200.0,AMZN
2019-04-01,1800.11,1956.34,1798.73,1926.52,1926.52,81239200.0,AMZN
2019-05-01,1933.09,1964.4,1772.7,1775.07,1775.07,98214400.0,AMZN
2019-06-01,1760.01,1935.2,1672.0,1893.63,1893.63,74746500.0,AMZN
2019-07-01,1922.98,2035.8,1849.44,1866.78,1866.78,73148800.0,AMZN
2019-08-01,1871.72,1897.92,1743.51,1776.29,1776.29,79771200.0,AMZN
2019-09-01,1770.0,1853.66,1709.22,1735.91,1735.91,61172900.0,AMZN
2019-10-01,1746.0,1798.85,1685.06,1776.66,1776.66,70360500.0,AMZN
2019-11-01,1788.01,1824.69,1722.71,1800.8,1800.8,52076200.0,AMZN
2019-12-01,1804.4,1901.4,1735.0,1847.84,1847.84,68149600.0,AMZN
2020-01-01,1875.0,2055.72,1815.34,2008.72,2008.72,84698300.0,AMZN
2020-02-01,2010.6,2185.95,1811.13,1883.75,1883.75,92510100.0,AMZN
2020-03-01,1906.49,1996.33,1626.03,1949.72,1949.72,163809100.0,AMZN
2020-04-01,1932.97,2475.0,1889.15,2474.0,2474.0,124609800.0,AMZN
2020-05-01,2336.8,2525.45,2256.38,2442.37,2442.37,82584400.0,AMZN
2020-06-01,2448.0,2796.0,2437.13,2758.82,2758.82,87818300.0,AMZN
2020-07-01,2757.99,3344.29,2754.0,3164.68,3164.68,127502000.0,AMZN
2020-08-01,3180.51,3495.0,3073.0,3450.96,3450.96,83516600.0,AMZN
2020-09-01,3489.58,3552.25,2871.0,3148.73,3148.73,115899300.0,AMZN
2020-10-01,3208.0,3496.24,3019.0,3036.15,3036.15,116226100.0,AMZN
2020-11-01,3061.74,3366.8,2950.12,3168.04,3168.04,90810500.0,AMZN
2020-12-01,3188.5,3350.65,3072.82,3256.93,3256.93,77556200.0,AMZN
2021-01-01,3270.0,3363.89,3086.0,3206.2,3206.2,71528900.0,AMZN
2021-02-01,3242.36,3434.0,3036.7,3092.93,3092.93,72107000.0,AMZN
2021-03-01,3127.89,3182.0,2881.0,3094.08,3094.08,78188000.0,AMZN
2021-04-01,3117.94,3554.0,3115.55,3467.42,3467.42,76839600.0,AMZN
2021-05-01,3484.73,3486.65,3127.37,3223.07,3223.07,75183900.0,AMZN
2021-06-01,3243.5,3524.86,3172.2,3440.16,3440.16,67011000.0,AMZN
2021-07-01,3434.61,3773.08,3306.98,3327.59,3327.59,83720800.0,AMZN
2021-08-01,3353.1,3472.58,3175.76,3470.79,3470.79,62813700.0,AMZN
2021-09-01,3496.4,3549.99,3273.99,3285.04,3285.04,62523700.0,AMZN
2021-10-01,3289.01,3479.0,3176.25,3372.43,3372.43,63649200.0,AMZN
2021-11-01,3361.8,3762.15,3283.55,3507.07,3507.07,75795100.0,AMZN
2021-12-01,3545.0,3559.88,3303.9,3334.34,3334.34,64375600.0,AMZN
2022-01-01,3351.0,3428.0,2707.04,2991.47,2991.47,76228800.0,AMZN
2022-02-01,3000.0,3276.69,2766.66,3075.77,3075.77,81572000.0,AMZN
2022-02-28,3048.5,3088.98,3017.25,3071.26,3071.26,2884171.0,AMZN
2017-03-01,851.38,874.42,824.3,847.8,847.8,34550100.0,GOOGL
2017-04-01,848.75,935.9,834.6,924.52,924.52,28721600.0,GOOGL
2017-05-01,924.15,999.6,920.8,987.09,987.09,35359300.0,GOOGL
2017-06-01,990.96,1008.61,929.6,929.68,929.68,44085300.0,GOOGL
2017-07-01,933.22,1006.19,915.31,945.5,945.5,41908600.0,GOOGL
2017-08-01,947.81,957.2,918.6,955.24,955.24,32846200.0,GOOGL
2017-09-01,957.47,975.81,924.51,973.72,973.72,29626200.0,GOOGL
2017-10-01,975.65,1063.62,961.95,1033.04,1033.04,36853800.0,GOOGL
2017-11-01,1036.32,1080.0,1028.66,1036.17,1036.17,28686000.0,GOOGL
2017-12-01,1030.41,1086.49,1002.32,1053.4,1053.4,29940500.0,GOOGL
2018-01-01,1053.02,1198.0,1053.02,1182.22,1182.22,32887400.0,GOOGL
2018-02-01,1175.99,1187.45,997.0,1103.92,1103.92,51340700.0,GOOGL
2018-03-01,1109.54,1178.16,984.0,1037.14,1037.14,52116800.0,GOOGL
2018-04-01,1027.62,1097.51,994.25,1018.58,1018.58,49246400.0,GOOGL
2018-05-01,1016.3,1118.15,1007.89,1100.0,1100.0,37036700.0,GOOGL
2018-06-01,1112.87,1201.49,1106.07,1129.19,1129.19,40184200.0,GOOGL
2018-07-01,1115.35,1291.44,1106.6,1227.22,1227.22,41782700.0,GOOGL
2018-08-01,1239.11,1271.96,1204.0,1231.8,1231.8,34285900.0,GOOGL
2018-09-01,1222.52,1227.87,1151.5,1207.08,1207.08,35925900.0,GOOGL
2018-10-01,1213.0,1224.52,1007.2,1090.58,1090.58,56547100.0,GOOGL
2018-11-01,1091.4,1109.93,1002.21,1109.65,1109.65,39311800.0,GOOGL
2018-12-01,1132.16,1135.0,977.66,1044.96,1044.96,42871800.0,GOOGL
2019-01-01,1027.2,1127.67,1022.37,1125.89,1125.89,34858400.0,GOOGL
2019-02-01,1122.29,1154.0,1093.59,1126.55,1126.55,32608700.0,GOOGL
2019-03-01,1131.0,1236.44,1130.2,1176.89,1176.89,33186900.0,GOOGL
2019-04-01,1187.54,1296.97,1183.0,1198.96,1198.96,32372300.0,GOOGL
2019-05-01,1197.5,1199.25,1103.35,1106.5,1106.5,37136300.0,GOOGL
2019-06-01,1066.93,1126.57,1027.03,1082.8,1082.8,35622600.0,GOOGL
2019-07-01,1101.04,1268.39,1095.33,1218.2,1218.2,35755200.0,GOOGL
2019-08-01,1217.63,1236.3,1142.75,1190.53,1190.53,29315500.0,GOOGL
2019-09-01,1181.85,1248.02,1163.71,1221.14,1221.14,25853600.0,GOOGL
2019-10-01,1222.49,1299.24,1163.14,1258.8,1258.8,30181700.0,GOOGL
2019-11-01,1265.8,1333.92,1259.71,1304.09,1304.09,26439000.0,GOOGL
2019-12-01,1302.56,1367.05,1277.05,1339.39,1339.39,27955300.0,GOOGL
2020-01-01,1348.41,1500.58,1346.49,1432.78,1432.78,33679700.0,GOOGL
2020-02-01,1461.65,1530.74,1268.21,1339.25,1339.25,41532800.0,GOOGL
2020-03-01,1351.39,1408.19,1008.87,1161.95,1161.95,78535800.0,GOOGL
2020-04-01,1124.0,1360.15,1075.08,1346.7,1346.7,56211200.0,GOOGL
2020-05-01,1324.09,1445.11,1296.01,1433.52,1433.52,36256500.0,GOOGL
2020-06-01,1425.7,1475.79,1351.65,1418.05,1418.05,40708000.0,GOOGL
2020-07-01,1419.17,1587.05,1414.18,1487.95,1487.95,41149900.0,GOOGL
2020-08-01,1491.0,1652.79,1464.03,1629.53,1629.53,30728200.0,GOOGL
2020-09-01,1632.16,1726.1,1402.15,1465.6,1465.6,41831700.0,GOOGL
2020-10-01,1483.66,1681.32,1433.23,1616.11,1616.11,42746000.0,GOOGL
2020-11-01,1623.54,1816.89,1612.11,1754.4,1754.4,31595600.0,GOOGL
2020-12-01,1766.66,1843.83,1694.0,1752.64,1752.64,30431500.0,GOOGL
2021-01-01,1760.0,1932.08,1696.1,1827.36,1827.36,39583100.0,GOOGL
2021-02-01,1844.59,2145.14,1844.59,2021.91,2021.91,33916200.0,GOOGL
2021-03-01,2048.0,2113.74,1994.0,2062.52,2062.52,37834700.0,GOOGL
2021-04-01,2092.25,2431.38,2091.43,2353.5,2353.5,35117600.0,GOOGL
2021-05-01,2364.91,2389.05,2193.62,2356.85,2356.85,30174000.0,GOOGL
2021-06-01,2374.44,2461.91,2329.52,2441.79,2441.79,27246800.0,GOOGL
2021-07-01,2434.5,2765.94,2430.63,2694.53,2694.53,30539800.0,GOOGL
2021-08-01,2702.34,2919.41,2666.39,2893.95,2893.95,23076700.0,GOOGL
2021-09-01,2900.0,2925.08,2671.12,2673.52,2673.52,29540700.0,GOOGL
2021-10-01,2688.95,2973.0,2621.0,2960.92,2960.92,36036000.0,GOOGL
2021-11-01,2960.92,3019.33,2832.03,2837.95,2837.95,30415900.0,GOOGL
2021-12-01,2880.0,2982.0,2786.42,2897.04,2897.04,30984000.0,GOOGL
2022-01-01,2901.1,2929.7,2490.0,2706.07,2706.07,38359000.0,GOOGL
2022-02-01,2751.89,3030.93,2499.07,2689.19,2689.19,44452400.0,GOOGL
2022-02-28,2661.0,2715.0,2651.84,2701.14,2701.14,1943221.0,GOOGL
2017-03-01,828.85,853.5,803.37,829.56,829.56,33835100.0,GOOG
2017-04-01,829.22,916.85,817.02,905.96,905.96,25218700.0,GOOG
2017-05-01,901.94,979.27,901.45,964.86,964.86,32180100.0,GOOG
2017-06-01,968.95,988.25,908.31,908.73,908.73,43587600.0,GOOG
2017-07-01,912.18,986.2,894.79,930.5,930.5,36679200.0,GOOG
2017-08-01,932.38,941.98,903.4,939.33,939.33,27958000.0,GOOG
2017-09-01,941.13,959.79,909.7,959.11,959.11,28053800.0,GOOG
2017-10-01,959.98,1048.39,947.84,1016.64,1016.64,31779700.0,GOOG
2017-11-01,1017.21,1062.38,1013.01,1021.41,1021.41,24265500.0,GOOG
2017-12-01,1015.8,1078.49,988.28,1046.4,1046.4,28163700.0,GOOG
2018-01-01,1048.34,1186.89,1045.23,1169.94,1169.94,28738400.0,GOOG
2018-02-01,1162.61,1174.0,992.56,1104.73,1104.73,42382000.0,GOOG
2018-03-01,1107.87,1177.05,980.64,1031.79,1031.79,45353300.0,GOOG
2018-04-01,1022.82,1094.17,990.37,1017.33,1017.33,41715900.0,GOOG
2018-05-01,1013.66,1110.75,1006.29,1084.99,1084.99,31849400.0,GOOG
2018-06-01,1099.35,1186.29,1096.01,1115.65,1115.65,32096000.0,GOOG
2018-07-01,1099.0,1273.89,1093.8,1217.26,1217.26,31940100.0,GOOG
2018-08-01,1228.0,1256.5,1188.24,1218.19,1218.19,28808400.0,GOOG
2018-09-01,1204.27,1212.99,1146.91,1193.47,1193.47,28862400.0,GOOG
2018-10-01,1199.89,1209.96,995.83,1076.77,1076.77,48494700.0,GOOG
2018-11-01,1075.8,1095.57,996.02,1094.43,1094.43,36735100.0,GOOG
2018-12-01,1123.14,1124.65,970.11,1035.61,1035.61,40257600.0,GOOG
2019-01-01,1016.57,1117.33,1014.07,1116.37,1116.37,30714000.0,GOOG
2019-02-01,1112.4,1147.0,1086.0,1119.92,1119.92,28932700.0,GOOG
2019-03-01,1124.9,1231.79,1123.3,1173.31,1173.31,31609300.0,GOOG
2019-04-01,1184.1,1289.27,1175.0,1188.48,1188.48,27855200.0,GOOG
2019-05-01,1188.05,1190.85,1100.18,1103.63,1103.63,33317400.0,GOOG
2019-06-01,1065.5,1124.11,1025.0,1080.91,1080.91,34096800.0,GOOG
2019-07-01,1098.0,1265.55,1093.7,1216.68,1216.68,32948600.0,GOOG
2019-08-01,1214.03,1234.11,1140.14,1188.1,1188.1,28882400.0,GOOG
2019-09-01,1177.03,1248.3,1163.2,1219.0,1219.0,26899400.0,GOOG
2019-10-01,1219.0,1299.31,1162.43,1260.11,1260.11,28758300.0,GOOG
2019-11-01,1265.0,1335.53,1260.5,1304.96,1304.96,24923700.0,GOOG
2019-12-01,1301.0,1365.0,1279.0,1337.02,1337.02,27357100.0,GOOG
2020-01-01,1341.55,1503.21,1341.55,1434.23,1434.23,33691600.0,GOOG
2020-02-01,1462.0,1532.11,1271.0,1339.33,1339.33,37080600.0,GOOG
2020-03-01,1351.61,1410.15,1013.54,1162.81,1162.81,71392100.0,GOOG
2020-04-01,1122.0,1359.99,1079.81,1348.66,1348.66,46335100.0,GOOG
2020-05-01,1328.5,1441.0,1299.0,1428.92,1428.92,31866300.0,GOOG
2020-06-01,1418.39,1475.94,1347.01,1413.61,1413.61,38828400.0,GOOG
2020-07-01,1411.1,1586.99,1409.82,1482.96,1482.96,35247000.0,GOOG
2020-08-01,1486.64,1659.22,1458.65,1634.18,1634.18,37830900.0,GOOG
2020-09-01,1636.63,1733.18,1406.55,1469.6,1469.6,40567600.0,GOOG
2020-10-01,1484.27,1687.0,1436.0,1621.01,1621.01,39254200.0,GOOG
2020-11-01,1628.16,1818.06,1616.03,1760.74,1760.74,35035400.0,GOOG
2020-12-01,1774.37,1847.2,1699.0,1751.88,1751.88,31465900.0,GOOG
2021-01-01,1757.54,1934.86,1699.0,1835.74,1835.74,33082700.0,GOOG
2021-02-01,1853.57,2152.68,1850.93,2036.86,2036.86,29429000.0,GOOG
2021-03-01,2056.52,2128.81,2010.0,2068.63,2068.63,34794200.0,GOOG
2021-04-01,2097.95,2452.38,2096.89,2410.12,2410.12,30724700.0,GOOG
2021-05-01,2402.72,2442.94,2230.05,2411.56,2411.56,25455700.0,GOOG
2021-06-01,2422.0,2555.92,2382.83,2506.32,2506.32,27432800.0,GOOG
2021-07-01,2497.0,2800.22,2497.0,2704.42,2704.42,22837700.0,GOOG
2021-08-01,2709.69,2929.79,2683.67,2909.24,2909.24,18615200.0,GOOG
2021-09-01,2913.0,2936.41,2660.0,2665.31,2665.31,25258600.0,GOOG
2021-10-01,2671.09,2982.36,2623.33,2965.41,2965.41,24828600.0,GOOG
2021-11-01,2963.3,3037.0,2841.32,2849.04,2849.04,22157500.0,GOOG
2021-12-01,2884.25,2992.1,2805.0,2893.59,2893.59,23955000.0,GOOG
2022-01-01,2889.51,2932.2,2492.84,2713.97,2713.97,30774600.0,GOOG
2022-02-01,2756.7,3042.0,2495.29,2690.39,2690.39,35139000.0,GOOG
2022-02-28,2665.69,2711.93,2656.5,2697.82,2697.82,1483784.0,GOOG
2017-03-01,50.84,56.4,48.56,55.66,55.66,535176500.0,TSLA
2017-04-01,57.38,62.96,56.92,62.81,62.81,584753000.0,TSLA
2017-05-01,62.98,68.58,58.15,68.2,68.2,740231500.0,TSLA
2017-06-01,68.8,77.4,66.84,72.32,72.32,929755500.0,TSLA
2017-07-01,74.05,74.27,60.63,64.69,64.69,908200000.0,TSLA
2017-08-01,64.6,74.0,62.24,71.18,71.18,684708000.0,TSLA
2017-09-01,71.22,77.92,67.08,68.22,68.22,557563500.0,TSLA
2017-10-01,68.5,72.6,63.33,66.31,66.31,615183500.0,TSLA
2017-11-01,66.45,66.52,58.53,61.77,61.77,744064000.0,TSLA
2017-12-01,61.09,69.49,60.0,62.27,62.27,549423500.0,TSLA
2018-01-01,62.4,72.1,61.14,70.86,70.86,621357500.0,TSLA
2018-02-01,70.2,72.0,58.95,68.61,68.61,545950000.0,TSLA
2018-03-01,69.0,69.73,49.64,53.23,53.23,786342500.0,TSLA
2018-04-01,51.25,61.9,48.92,58.78,58.78,951554000.0,TSLA
2018-05-01,58.7,62.6,54.68,56.95,56.95,777890500.0,TSLA
2018-06-01,57.17,74.75,56.77,68.59,68.59,1067125500.0,TSLA
2018-07-01,72.01,72.96,57.23,59.63,59.63,861641000.0,TSLA
2018-08-01,59.6,77.49,57.64,60.33,60.33,1386801000.0,TSLA
2018-09-01,59.39,62.99,50.45,52.95,52.95,980377000.0,TSLA
2018-10-01,61.15,69.43,49.55,67.46,67.46,1431803500.0,TSLA
2018-11-01,67.65,73.35,65.0,70.1,70.1,665095500.0,TSLA
2018-12-01,72.0,75.9,58.82,66.56,66.56,732256000.0,TSLA
2019-01-01,61.22,70.4,55.86,61.4,61.4,878260500.0,TSLA
2019-02-01,61.08,64.85,57.75,63.98,63.98,642750500.0,TSLA
2019-03-01,61.39,61.43,50.89,55.97,55.97,1068967500.0,TSLA
2019-04-01,56.52,59.23,46.23,47.74,47.74,1153736500.0,TSLA
2019-05-01,47.77,51.67,36.82,37.03,37.03,1412994000.0,TSLA
2019-06-01,37.1,46.95,35.4,44.69,44.69,1074853000.0,TSLA
2019-07-01,46.04,53.21,44.44,48.32,48.32,996683500.0,TSLA
2019-08-01,48.53,48.9,42.2,45.12,45.12,668953000.0,TSLA
2019-09-01,44.82,50.7,43.67,48.17,48.17,678876500.0,TSLA
2019-10-01,48.3,68.17,44.86,62.98,62.98,1139913000.0,TSLA
2019-11-01,63.26,72.24,61.85,65.99,65.99,788854000.0,TSLA
2019-12-01,65.88,87.06,65.45,83.67,83.67,1035400000.0,TSLA
2020-01-01,84.9,130.6,84.34,130.11,130.11,2036092500.0,TSLA
2020-02-01,134.74,193.8,122.3,133.6,133.6,2362934000.0,TSLA
2020-03-01,142.25,161.4,70.1,104.8,104.8,2104675000.0,TSLA
2020-04-01,100.8,173.96,89.28,156.38,156.38,1907387500.0,TSLA
2020-05-01,151.0,168.66,136.61,167.0,167.0,1363518000.0,TSLA
2020-06-01,171.6,217.54,170.82,215.96,215.96,1278863500.0,TSLA
2020-07-01,216.6,359.0,216.1,286.15,286.15,1893167500.0,TSLA
2020-08-01,289.84,500.14,273.0,498.32,498.32,1557378400.0,TSLA
2020-08-31,,,,,,,TSLA
2020-09-01,502.14,502.49,329.88,429.01,429.01,1736284800.0,TSLA
2020-10-01,440.76,465.9,379.11,388.04,388.04,833666400.0,TSLA
2020-11-01,394.0,607.8,392.3,567.6,567.6,782598800.0,TSLA
2020-12-01,597.59,718.72,541.21,705.67,705.67,1196346000.0,TSLA
2021-01-01,719.46,900.4,717.19,793.53,793.53,705694800.0,TSLA
2021-02-01,814.29,880.5,619.0,675.5,675.5,522857900.0,TSLA
2021-03-01,690.11,721.11,539.49,667.93,667.93,942452400.0,TSLA
2021-04-01,688.37,780.79,659.42,709.44,709.44,678539700.0,TSLA
2021-05-01,703.8,706.0,546.98,625.22,625.22,625175800.0,TSLA
2021-06-01,627.8,697.62,571.22,679.7,679.7,519921900.0,TSLA
2021-07-01,683.92,700.0,620.46,687.2,687.2,448393900.0,TSLA
2021-08-01,700.0,740.39,648.84,735.72,735.72,381113700.0,TSLA
2021-09-01,734.08,799.0,708.85,775.48,775.48,390101400.0,TSLA
2021-10-01,778.4,1115.21,763.59,1114.0,1114.0,528800500.0,TSLA
2021-11-01,1145.0,1243.49,978.6,1144.76,1144.76,648671800.0,TSLA
2021-12-01,1160.7,1172.84,886.12,1056.78,1056.78,509945100.0,TSLA
2022-01-01,1147.75,1208.0,792.01,936.72,936.72,638471400.0,TSLA
2022-02-01,935.21,947.77,700.0,809.87,809.87,430532800.0,TSLA
2022-02-28,815.01,876.69,814.71,870.43,870.43,33002289.0,TSLA
2017-03-01,25.95,27.5,23.79,27.23,26.91,1428896000.0,NVDA
2017-04-01,27.24,27.41,23.87,26.08,25.77,957257200.0,NVDA
2017-05-01,26.18,36.75,25.58,36.09,35.66,1920944400.0,NVDA
2017-05-19,,,,,,,NVDA
2017-06-01,36.25,42.12,35.53,36.14,35.75,2344552000.0,NVDA
2017-07-01,36.26,42.48,34.65,40.63,40.19,1549101600.0,NVDA
2017-08-01,40.53,43.64,38.23,42.36,41.91,1472821600.0,NVDA
2017-08-22,,,,,,,NVDA
2017-09-01,42.49,47.8,40.68,44.69,44.25,1444733600.0,NVDA
2017-10-01,45.2,51.97,44.25,51.7,51.19,1142266400.0,NVDA
2017-11-01,52.34,54.67,47.81,50.18,49.68,1183089600.0,NVDA
2017-11-22,,,,,,,NVDA
2017-12-01,49.83,50.08,45.15,48.38,47.93,1011221600.0,NVDA
2018-01-01,48.94,62.32,48.62,61.45,60.89,1145621600.0,NVDA
2018-02-01,59.63,62.99,51.0,60.5,59.95,1491552800.0,NVDA
2018-02-22,,,,,,,NVDA
2018-03-01,60.48,63.62,54.25,57.9,57.4,1411844000.0,NVDA
2018-04-01,57.19,59.81,52.58,56.22,55.74,1114400800.0,NVDA
2018-05-01,56.14,65.12,55.55,63.05,62.51,1197824000.0,NVDA
2018-05-23,,,,,,,NVDA
2018-06-01,63.5,67.3,58.75,59.22,58.76,878554000.0,NVDA
2018-07-01,58.52,64.15,58.31,61.22,60.73,632187600.0,NVDA
2018-08-01,61.53,70.43,59.68,70.17,69.61,1091783600.0,NVDA
2018-08-29,,,,,,,NVDA
2018-09-01,70.04,71.31,64.67,70.25,69.74,634020000.0,NVDA
2018-10-01,71.04,73.19,44.0,52.71,52.32,1297797600.0,NVDA
2018-11-01,53.08,55.5,33.33,40.86,40.56,1616234000.0,NVDA
2018-11-29,,,,,,,NVDA
2018-12-01,43.15,43.67,31.11,33.38,33.16,1245140800.0,NVDA
2019-01-01,32.66,40.22,31.92,35.94,35.71,1687099200.0,NVDA
2019-02-01,36.12,41.32,35.65,38.56,38.32,1144572800.0,NVDA
2019-02-28,,,,,,,NVDA
2019-03-01,39.07,46.25,36.2,44.89,44.65,1206854000.0,NVDA
2019-04-01,45.81,48.37,43.33,45.25,45.01,943778000.0,NVDA
2019-05-01,45.78,46.22,33.85,33.87,33.68,1118075200.0,NVDA
2019-05-30,,,,,,,NVDA
2019-06-01,33.98,41.34,33.15,41.06,40.88,823334000.0,NVDA
2019-07-01,43.14,44.72,38.75,42.18,42.0,841598400.0,NVDA
2019-08-01,42.28,43.36,36.85,41.88,41.7,945032800.0,NVDA
2019-08-28,,,,,,,NVDA
2019-09-01,41.15,47.1,40.81,43.52,43.38,634776800.0,NVDA
2019-10-01,43.75,52.22,42.53,50.26,50.09,769617200.0,NVDA
2019-11-01,49.9,55.35,49.65,54.19,54.01,732180000.0,NVDA
2019-11-27,,,,,,,NVDA
2019-12-01,54.12,60.45,50.09,58.83,58.68,654353200.0,NVDA
2020-01-01,59.69,64.88,57.82,59.11,58.96,612541200.0,NVDA
2020-02-01,58.92,79.08,58.86,67.52,67.35,1184865200.0,NVDA
2020-02-27,,,,,,,NVDA
2020-03-01,69.22,71.22,45.17,65.9,65.77,1577395200.0,NVDA
2020-04-01,63.91,76.05,59.6,73.07,72.93,1127830400.0,NVDA
2020-05-01,71.09,91.82,70.21,88.75,88.58,1254887600.0,NVDA
2020-06-01,88.33,96.43,86.58,94.98,94.79,971946400.0,NVDA
2020-06-04,,,,,,,NVDA
2020-07-01,95.21,107.92,94.13,106.15,105.99,809445200.0,NVDA
2020-08-01,107.32,135.75,107.15,133.74,133.55,967254400.0,NVDA
2020-09-01,134.8,147.27,117.04,135.3,135.11,1585655200.0,NVDA
2020-10-01,137.58,143.49,123.0,125.34,125.19,802235600.0,NVDA
2020-11-01,126.58,146.91,123.95,134.01,133.86,759482000.0,NVDA
2020-12-01,134.92,137.31,127.63,130.55,130.4,512099600.0,NVDA
2020-12-03,,,,,,,NVDA
2021-01-01,131.04,139.99,125.86,129.9,129.78,615417200.0,NVDA
2021-02-01,130.53,153.73,129.03,137.15,137.03,668032400.0,NVDA
2021-03-01,138.75,139.25,115.67,133.48,133.37,764865600.0,NVDA
2021-03-09,,,,,,,NVDA
2021-04-01,135.72,162.14,135.11,150.1,150.02,671879600.0,NVDA
2021-05-01,151.25,162.77,134.59,162.45,162.36,705438000.0,NVDA
2021-06-01,162.7,201.62,159.03,200.02,199.92,1027329200.0,NVDA
2021-06-09,,,,,,,NVDA
2021-07-01,201.25,208.75,178.65,194.99,194.93,782280900.0,NVDA
2021-07-20,,,,,,,NVDA
2021-08-01,197.0,230.43,187.62,223.85,223.78,641474900.0,NVDA
2021-08-31,,,,,,,NVDA
2021-09-01,224.85,229.86,204.67,207.16,207.13,499855400.0,NVDA
2021-10-01,207.5,257.09,195.55,255.67,255.64,497028000.0,NVDA
2021-11-01,256.49,346.47,252.27,326.76,326.72,1080973500.0,NVDA
2021-12-01,332.19,332.89,271.45,294.11,294.07,1105768300.0,NVDA
2022-01-01,298.15,307.11,208.88,244.86,244.86,1068082200.0,NVDA
2022-02-01,251.04,269.25,208.9,241.57,241.57,1016496000.0,NVDA
2022-02-28,239.92,246.65,237.07,243.85,243.85,47731861.0,NVDA
2017-03-01,173.7,177.86,165.8,166.68,166.68,91077300.0,BRK-B
2017-04-01,166.72,168.95,162.28,165.21,165.21,71143500.0,BRK-B
2017-05-01,165.8,168.04,160.93,165.28,165.28,77027900.0,BRK-B
2017-06-01,165.8,171.95,164.75,169.37,169.37,74743700.0,BRK-B
2017-07-01,170.4,175.6,168.0,174.97,174.97,56308100.0,BRK-B
2017-08-01,175.93,181.87,174.81,181.16,181.16,68412700.0,BRK-B
2017-09-01,181.6,184.0,172.61,183.32,183.32,69468900.0,BRK-B
2017-10-01,183.45,190.68,182.93,186.94,186.94,58414700.0,BRK-B
2017-11-01,188.1,193.81,180.44,193.01,193.01,67325200.0,BRK-B
2017-12-01,193.59,200.5,189.72,198.22,198.22,78499100.0,BRK-B
2018-01-01,198.87,217.62,195.96,214.38,214.38,86828800.0,BRK-B
2018-02-01,214.49,217.5,189.3,207.2,207.2,113727500.0,BRK-B
2018-03-01,206.82,213.36,191.87,199.48,199.48,100508000.0,BRK-B
2018-04-01,199.01,202.77,192.02,193.73,193.73,78790800.0,BRK-B
2018-05-01,193.76,202.41,188.62,191.53,191.53,85907800.0,BRK-B
2018-06-01,192.9,196.74,184.75,186.65,186.65,94740600.0,BRK-B
2018-07-01,186.09,201.4,185.72,197.87,197.87,79797600.0,BRK-B
2018-08-01,198.8,211.32,196.77,208.72,208.72,85478300.0,BRK-B
2018-09-01,209.21,223.0,208.04,214.11,214.11,81811900.0,BRK-B
2018-10-01,215.92,224.07,197.29,205.28,205.28,111553000.0,BRK-B
2018-11-01,205.6,223.52,203.39,218.24,218.24,92111300.0,BRK-B
2018-12-01,221.98,223.59,186.1,204.18,204.18,123643400.0,BRK-B
2019-01-01,201.73,208.01,191.04,205.54,205.54,99687600.0,BRK-B
2019-02-01,206.52,209.4,198.21,201.3,201.3,80023200.0,BRK-B
2019-03-01,203.15,207.75,197.03,200.89,200.89,89064500.0,BRK-B
2019-04-01,202.16,217.32,202.0,216.71,216.71,64254100.0,BRK-B
2019-05-01,217.22,219.16,197.08,197.42,197.42,88800700.0,BRK-B
2019-06-01,197.62,213.33,196.89,213.17,213.17,72123900.0,BRK-B
2019-07-01,214.25,216.58,204.36,205.43,205.43,69209000.0,BRK-B
2019-08-01,205.63,206.98,195.4,203.41,203.41,96629400.0,BRK-B
2019-09-01,201.19,214.58,200.19,208.02,208.02,78363900.0,BRK-B
2019-10-01,208.94,213.71,201.33,212.58,212.58,78088100.0,BRK-B
2019-11-01,213.55,223.37,213.4,220.3,220.3,72096700.0,BRK-B
2019-12-01,220.6,228.23,216.4,226.5,226.5,79910300.0,BRK-B
2020-01-01,227.51,231.61,221.11,224.43,224.43,79813500.0,BRK-B
2020-02-01,225.48,230.08,199.68,206.34,206.34,95269700.0,BRK-B
2020-03-01,207.25,218.8,159.5,182.83,182.83,276783400.0,BRK-B
2020-04-01,176.18,197.23,174.19,187.36,187.36,151275200.0,BRK-B
2020-05-01,185.21,187.28,167.04,185.58,185.58,143985200.0,BRK-B
2020-06-01,185.53,203.33,174.63,178.51,178.51,172082600.0,BRK-B
2020-07-01,178.41,196.67,177.34,195.78,195.78,125965100.0,BRK-B
2020-08-01,197.28,219.45,196.0,218.04,218.04,102255500.0,BRK-B
2020-09-01,216.92,223.24,206.58,212.94,212.94,115310800.0,BRK-B
2020-10-01,214.3,217.43,197.81,201.9,201.9,91607500.0,BRK-B
2020-11-01,204.84,234.99,203.06,228.91,228.91,104416400.0,BRK-B
2020-12-01,230.23,232.28,221.26,231.87,231.87,124260900.0,BRK-B
2021-01-01,231.73,236.24,226.1,227.87,227.87,103322000.0,BRK-B
2021-02-01,229.97,250.56,228.04,240.51,240.51,85703800.0,BRK-B
2021-03-01,246.86,267.5,243.23,255.47,255.47,137911600.0,BRK-B
2021-04-01,255.74,277.79,254.8,274.95,274.95,84991800.0,BRK-B
2021-05-01,278.55,295.08,276.78,289.44,289.44,98714200.0,BRK-B
2021-06-01,291.52,293.27,272.46,277.92,277.92,109192200.0,BRK-B
2021-07-01,278.2,282.22,270.73,278.29,278.29,80595300.0,BRK-B
2021-08-01,279.31,291.82,276.77,285.77,285.77,77985200.0,BRK-B
2021-09-01,286.59,287.14,271.36,272.94,272.94,104983000.0,BRK-B
2021-10-01,273.02,292.22,272.22,287.01,287.01,74941700.0,BRK-B
2021-11-01,288.05,295.65,275.89,276.69,276.69,87252800.0,BRK-B
2021-12-01,279.54,301.65,274.79,299.0,299.0,101880300.0,BRK-B
2022-01-01,300.1,324.4,294.81,313.02,313.02,109425900.0,BRK-B
2022-02-01,312.64,325.63,299.51,319.24,319.24,94814700.0,BRK-B
2022-02-28,317.35,322.0,315.19,321.45,321.45,7033453.0,BRK-B
2017-03-01,136.47,142.95,136.08,142.05,142.05,342098600.0,FB
2017-04-01,141.93,151.53,138.81,150.25,150.25,275586300.0,FB
2017-05-01,151.74,153.6,144.42,151.46,151.46,403586900.0,FB
2017-06-01,151.75,156.5,144.56,150.98,150.98,414757100.0,FB
2017-07-01,151.72,175.49,147.8,169.25,169.25,419907600.0,FB
2017-08-01,169.82,173.05,165.0,171.97,171.97,303622800.0,FB
2017-09-01,172.4,174.0,161.56,170.87,170.87,304818300.0,FB
2017-10-01,171.39,180.8,168.29,180.06,180.06,318146600.0,FB
2017-11-01,182.36,184.25,174.0,177.18,177.18,350998700.0,FB
2017-12-01,176.03,182.28,169.01,176.46,176.46,317095800.0,FB
2018-01-01,177.68,190.66,175.8,186.89,186.89,495655700.0,FB
2018-02-01,188.22,195.32,167.18,178.32,178.32,516251600.0,FB
2018-03-01,179.01,186.1,149.02,159.79,159.79,996201700.0,FB
2018-04-01,157.81,177.1,150.51,172.0,172.0,750072700.0,FB
2018-05-01,172.0,192.72,170.23,191.78,191.78,401144100.0,FB
2018-06-01,193.07,203.55,186.43,194.32,194.32,387265600.0,FB
2018-07-01,193.37,218.62,166.56,172.58,172.58,647030700.0,FB
2018-08-01,173.93,188.3,170.27,175.73,175.73,548832700.0,FB
2018-09-01,173.5,173.89,158.87,164.46,164.46,500468800.0,FB
2018-10-01,163.03,165.88,139.03,151.79,151.79,622446300.0,FB
2018-11-01,151.52,154.13,126.85,140.61,140.61,518151700.0,FB
2018-12-01,143.0,147.19,123.02,131.09,131.09,558786200.0,FB
2019-01-01,128.99,171.68,128.56,166.69,166.69,527547900.0,FB
2019-02-01,165.84,172.47,159.59,161.45,161.45,302243200.0,FB
2019-03-01,162.6,174.3,159.28,166.69,166.69,387936100.0,FB
2019-04-01,167.83,198.48,167.28,193.4,193.4,381985300.0,FB
2019-05-01,194.78,196.18,177.16,177.47,177.47,286821500.0,FB
2019-06-01,175.0,198.88,160.84,193.0,193.0,426428600.0,FB
2019-07-01,195.21,208.66,191.93,194.23,194.23,351020900.0,FB
2019-08-01,194.17,198.47,176.66,185.67,185.67,294689500.0,FB
2019-09-01,184.0,193.1,175.66,178.08,178.08,264538500.0,FB
2019-10-01,179.15,198.09,173.09,191.65,191.65,326207200.0,FB
2019-11-01,192.85,203.8,188.54,201.64,201.64,258303900.0,FB
2019-12-01,202.13,208.93,193.17,205.25,205.25,276257100.0,FB
2020-01-01,206.75,224.2,201.06,201.91,201.91,347314600.0,FB
2020-02-01,203.44,218.77,181.82,192.47,192.47,317547300.0,FB
2020-03-01,194.03,197.24,137.1,166.8,166.8,649467700.0,FB
2020-04-01,161.62,209.69,150.83,204.71,204.71,541334600.0,FB
2020-05-01,201.6,240.9,198.76,225.09,225.09,509476500.0,FB
2020-06-01,224.59,245.19,207.11,227.07,227.07,548043800.0,FB
2020-07-01,228.5,255.85,226.9,253.67,253.67,517599700.0,FB
2020-08-01,252.65,304.67,247.43,293.2,293.2,574239100.0,FB
2020-09-01,294.71,303.6,244.13,261.9,261.9,499115300.0,FB
2020-10-01,265.35,285.24,254.82,263.11,263.11,454101600.0,FB
2020-11-01,264.6,297.38,257.34,276.97,276.97,356771600.0,FB
2020-12-01,279.16,291.78,264.63,273.16,273.16,363901000.0,FB
2021-01-01,274.78,286.79,244.61,258.33,258.33,452633100.0,FB
2021-02-01,259.52,276.6,254.04,257.62,257.62,317775200.0,FB
2021-03-01,260.82,299.71,253.5,294.53,294.53,497416700.0,FB
2021-04-01,298.4,331.81,296.04,325.08,325.08,421257700.0,FB
2021-05-01,326.17,333.78,298.19,328.73,328.73,353423700.0,FB
2021-06-01,330.15,358.14,323.48,347.71,347.71,344810400.0,FB
2021-07-01,346.82,377.55,334.5,356.3,356.3,335410800.0,FB
2021-08-01,358.1,382.76,347.7,379.38,379.38,226113100.0,FB
2021-09-01,379.59,384.33,338.15,339.39,339.39,338109800.0,FB
2021-10-01,341.61,345.02,308.11,323.57,323.57,588349400.0,FB
2021-11-01,326.04,353.83,323.2,324.46,324.46,441077200.0,FB
2021-12-01,330.29,352.71,299.5,336.35,336.35,437916600.0,FB
2022-01-01,338.3,343.09,289.01,313.26,313.26,427212100.0,FB
2022-02-01,314.56,328.0,190.22,210.48,210.48,1093494000.0,FB
2022-02-28,207.68,213.15,206.83,211.03,211.03,34239803.0,FB
2017-03-01,92.79,93.98,85.23,87.84,76.6,371669000.0,JPM
2017-04-01,87.99,89.13,84.36,87.0,75.87,321139800.0,JPM
2017-04-04,,,,,,,JPM
2017-05-01,87.36,88.09,81.64,82.15,72.05,283639500.0,JPM
2017-06-01,82.46,92.65,81.65,91.4,80.16,334136800.0,JPM
2017-07-01,91.56,94.51,90.32,91.8,80.52,271473000.0,JPM
2017-07-03,,,,,,,JPM
2017-08-01,92.49,95.22,90.16,90.89,80.16,253237800.0,JPM
2017-09-01,91.25,95.88,88.08,95.51,84.23,250922800.0,JPM
2017-10-01,95.77,102.42,94.96,100.61,88.73,259433200.0,JPM
2017-10-05,,,,,,,JPM
2017-11-01,101.1,106.66,95.95,104.52,92.72,256086400.0,JPM
2017-12-01,104.9,108.46,102.2,106.94,94.86,284432100.0,JPM
2018-01-01,107.63,117.35,106.81,115.67,102.61,304940100.0,JPM
2018-01-04,,,,,,,JPM
2018-02-01,115.77,119.33,103.98,115.5,102.99,354632300.0,JPM
2018-03-01,115.48,118.75,106.65,109.97,98.06,321513800.0,JPM
2018-04-01,109.96,115.15,106.08,108.78,97.0,340100300.0,JPM
2018-04-05,,,,,,,JPM
2018-05-01,108.45,114.73,104.96,107.01,95.9,273649200.0,JPM
2018-06-01,108.34,111.91,103.11,104.2,93.38,307772000.0,JPM
2018-07-01,103.72,117.61,102.2,114.95,103.02,298256100.0,JPM
2018-07-05,,,,,,,JPM
2018-08-01,115.75,118.29,112.97,114.58,103.24,234427900.0,JPM
2018-09-01,114.34,119.24,112.52,112.84,101.68,232549000.0,JPM
2018-10-01,113.37,116.81,102.73,109.02,98.23,433042000.0,JPM
2018-10-04,,,,,,,JPM
2018-11-01,109.62,112.93,105.98,111.19,100.89,283227700.0,JPM
2018-12-01,112.38,112.89,91.11,97.62,88.58,425217000.0,JPM
2019-01-01,95.95,105.24,95.94,103.5,93.91,325890900.0,JPM
2019-01-03,,,,,,,JPM
2019-02-01,104.0,107.27,100.06,104.36,95.46,224935100.0,JPM
2019-03-01,105.1,108.4,98.09,101.23,92.6,306599600.0,JPM
2019-04-01,102.15,117.16,102.12,116.05,106.16,252516300.0,JPM
2019-04-04,,,,,,,JPM
2019-05-01,115.72,117.0,104.84,105.96,97.67,230711900.0,JPM
2019-06-01,105.8,112.43,105.3,111.8,103.05,248214000.0,JPM
2019-07-01,113.23,117.24,112.15,116.0,106.92,232008700.0,JPM
2019-07-03,,,,,,,JPM
2019-08-01,115.33,116.8,104.34,109.86,101.98,259393900.0,JPM
2019-09-01,108.98,120.4,107.32,117.69,109.25,229360700.0,JPM
2019-10-01,118.4,127.42,110.52,124.92,115.96,251981600.0,JPM
2019-10-03,,,,,,,JPM
2019-11-01,126.2,132.43,126.02,131.76,123.29,191200900.0,JPM
2019-12-01,132.31,140.08,128.59,139.4,130.44,212915300.0,JPM
2020-01-01,139.79,141.1,129.71,132.36,123.85,247990900.0,JPM
2020-01-03,,,,,,,JPM
2020-02-01,132.66,139.29,112.66,116.11,109.34,240714700.0,JPM
2020-03-01,116.63,122.95,76.91,90.03,84.78,734330700.0,JPM
2020-04-01,85.1,104.39,82.77,95.76,90.18,531938200.0,JPM
2020-04-03,,,,,,,JPM
2020-05-01,93.5,102.95,82.4,97.31,92.59,497858600.0,JPM
2020-06-01,97.75,115.77,92.0,94.06,89.5,536015600.0,JPM
2020-07-01,94.89,101.29,90.78,96.64,91.95,432613400.0,JPM
2020-07-02,,,,,,,JPM
2020-08-01,97.02,106.43,95.03,100.19,96.26,319706000.0,JPM
2020-09-01,99.55,105.21,91.38,96.27,92.49,390701400.0,JPM
2020-10-01,97.12,104.45,95.09,98.04,94.19,325366100.0,JPM
2020-10-05,,,,,,,JPM
2020-11-01,99.39,123.5,97.86,117.88,114.31,333803100.0,JPM
2020-12-01,120.34,127.33,118.11,127.07,123.22,274143300.0,JPM
2021-01-01,127.5,142.75,123.77,128.67,124.77,318582400.0,JPM
2021-01-05,,,,,,,JPM
2021-02-01,129.4,154.9,128.48,147.17,143.74,229245300.0,JPM
2021-03-01,149.52,161.69,147.97,152.23,148.68,399416900.0,JPM
2021-04-01,151.9,157.25,146.69,153.81,150.22,288694200.0,JPM
2021-04-05,,,,,,,JPM
2021-05-01,154.85,165.7,152.14,164.24,161.35,248957700.0,JPM
2021-06-01,165.87,167.44,147.56,155.54,152.81,356723300.0,JPM
2021-07-01,156.26,159.16,145.71,151.78,149.11,280570900.0,JPM
2021-07-02,,,,,,,JPM
2021-08-01,152.03,163.83,149.52,159.95,158.04,208072500.0,JPM
2021-09-01,160.22,169.3,150.49,163.69,161.74,234788900.0,JPM
2021-10-01,164.0,172.96,160.06,169.89,167.87,231672600.0,JPM
2021-10-05,,,,,,,JPM
2021-11-01,172.04,172.33,158.29,158.83,157.88,203492800.0,JPM
2021-12-01,161.0,163.39,151.84,158.35,157.41,251955300.0,JPM
2022-01-01,159.86,169.81,139.57,148.6,147.71,373919200.0,JPM
2022-01-05,,,,,,,JPM
2022-02-01,148.69,159.03,139.78,147.97,147.97,257393000.0,JPM
2022-02-28,143.55,145.06,140.88,141.8,141.8,29448579.0,JPM
